{
  "images" : [
    {
      "idiom" : "iphone",
      "scale" : "1x"
    },
    {
      "idiom" : "iphone",
      "filename" : "iphone_6s_7_8_splash.png",
      "scale" : "2x"
    },
    {
      "idiom" : "iphone",
      "filename" : "iphone_X_splash.png",
      "scale" : "3x"
    },
    {
      "idiom" : "ipad",
      "scale" : "1x"
    },
    {
      "idiom" : "ipad",
      "filename" : "iPad_mini_4_splash-1.png",
      "scale" : "2x"
    }
  ],
  "info" : {
    "version" : 1,
    "author" : "xcode"
  }
}